se-sify-btn	Components/Archive/tour-button-google.html
se-sify-btn	Components/Buttons/Static Buttons/tour-button.html
vt-btn-glow	Components/Buttons/Static Buttons/virtual-tour-button.html
se-hero-offer-cta	Components/CTA/Homepage Hero Summer Offer CTA.html
sec-fcta-section	Components/CTA/Ready To Experience South End Footer CTA.html
zapierFormContainer	Components/CTA/Special Membership Promo CTA (Zapier).html
sec-footer-grid	Components/Footer.html
sec-header	Components/Header.html
carousel-pickleball	Components/Index/carousel-pickleball-homepage.html
sec-floating-nav	Templates/Components/Buttons/Floating Buttons/Floating Section Nav/floating-section-nav.html
sec-floating-nav	Templates/Components/Buttons/Floating Buttons/Floating Section Nav/floating-section-nav-combined.html
sec-float-cta	Templates/Components/Buttons/Floating Buttons/Left Upper CTA/left-upper-cta.html
sec-float-cta	Templates/Components/Buttons/Floating Buttons/Left Upper CTA/left-upper-cta-combined.html
sec-btn-glow	Templates/Components/Buttons/General Button/general-button.html
youth-camp-promo	Website/Pages/youth-programs/Homepage Youth Camp Banner.html
se-home-summer-banner	Website/Pages/Memberships (Category)/summer-membership/Homepage Summer Banner.html
floatingNav	Website/Pages/Memberships (Category)/memberships/Memberships Nav Block.html
se-hero-offer-cta	Website/Pages/Memberships (Category)/special-offer/Homepage Hero Offer CTA.html
