NONE	Components/Buttons/Static Buttons/virtual-tour-button.html
NONE	Components/CTA/Special Membership Promo CTA (Zapier).html
NONE	Components/Header.html
NONE	Components/Index/carousel-pickleball-homepage.html
NONE	Templates/Components/Buttons/Floating Buttons/Floating Section Nav/floating-section-nav-combined.html
NONE	Templates/Components/Buttons/Floating Buttons/Floating Section Nav/floating-section-nav.html
NONE	Templates/Components/Buttons/Floating Buttons/Left Upper CTA/left-upper-cta-combined.html
NONE	Templates/Components/Buttons/Floating Buttons/Left Upper CTA/left-upper-cta.html
NONE	Templates/Components/Buttons/General Button/general-button.html
NONE	Website/Pages/Memberships (Category)/memberships/Discounted Enrollment/Membership Builder frontend.html
NONE	Website/Pages/Memberships (Category)/memberships/Membership Builder frontend.html
NONE	Website/Pages/Memberships (Category)/memberships/Memberships Nav Block.html
NONE	Website/Pages/Memberships (Category)/memberships/Old/Membership Builder snapshot.html
NONE	Website/Pages/Memberships (Category)/special-offer/Brandon PB Offer/Brandon PB Offer.html
NONE	Website/Pages/Memberships (Category)/special-offer/Brandon PB Offer/index.html
NONE	Website/Pages/Memberships (Category)/special-offer/email-campaign-summer-2026-final.html
NONE	Website/Pages/Memberships (Category)/special-offer/email-campaign-summer-2026.html
NONE	Website/Pages/Tours (Category)/schedule-an-event-viewing/Event Tour Booking Page.html
NONE	Website/Pages/terms-conditions/Terms & Conditions.html
NONE	Website/Pages/testimonials (draft)/Testimonials HTML.html
contact-hero	Website/Pages/contact-us/Contact Us Page HTML.html
corp-teaser-dark	Website/Pages/Memberships (Category)/memberships/Memberships Page HTML.html
corp-teaser-dark	Website/Pages/Memberships (Category)/special-offer/Special Offer.html
corp-teaser-match	Website/Pages/index/Index.html
hero	Website/Pages/Events (Category)/events/Events HTML.html
hero	Website/Pages/Memberships (Category)/corporate-membership/Corporate HTML.html
hero	Website/Pages/fitness/fitness HTML.html
hero	Website/Pages/food-beverage/Food & Beverage HTML.html
hero	Website/Pages/pools/Pools HTML.html
hero	Website/Pages/racquet-sports/Racquet Sports HTML.html
hero	Website/Pages/services/services HTML.html
hero	Website/Pages/wellness/Wellness HTML.html
hero	Website/Pages/youth-programs/youth-programs.html
id="se-cal-prev"	Website/Pages/Tours (Category)/schedule-a-tour/Membership Tour Booking Page.html
id="se-hero-offer-cta"	Components/CTA/Homepage Hero Summer Offer CTA.html
id="se-hero-offer-cta"	Website/Pages/Memberships (Category)/special-offer/Homepage Hero Offer CTA.html
id="se-sify-btn"	Components/Archive/tour-button-google.html
id="se-sify-btn"	Components/Buttons/Static Buttons/tour-button.html
lounge-hero	Website/Pages/Events (Category)/lounge-rentals/Lounge Rental HTML.html
se-home-summer-banner	Website/Pages/Memberships (Category)/summer-membership/Homepage Summer Banner.html
sec-fcta-section	Components/CTA/Ready To Experience South End Footer CTA.html
sec-fcta-section	Components/Footer.html
section	Website/Pages/pools/testing/instructor-pill-layout-test.html
section	Website/Pages/privacy-policy/Privacy Policy HTML.html
summer-hero	Website/Pages/Memberships (Category)/summer-membership/Summer HTML.html
video-section	Website/Pages/subscribe/subscribe.html
youth-camp-promo	Website/Pages/youth-programs/Homepage Youth Camp Banner.html
